kai,datetime,hour,minute,Tem,DO,Sal,nissyaryou,Chl.a
HIU,2000/5/17,10,47,17.18,8.2,32.77,20,0.7
HIU,2000/5/17,13,22,17.47,8.2,32.79,20,0.5
HIU,2000/5/17,14,9,17.94,8.2,32.74,20,2.7
HIU,2000/5/17,15,13,18.92,7.9,32.63,20,0.5
HIU,2000/5/23,9,30,16.1,8,33,23.6,1
HIU,2000/5/23,10,30,18,8.8,33,23.6,1.2
HIU,2000/5/23,11,40,18.2,9,32.9,23.6,0.6
HIU,2000/5/23,12,45,17.9,8.2,33,23.6,0.2
HIU,2000/5/24,8,55,15.9,9,33.2,26.4,1.8
HIU,2000/5/24,10,5,18.6,7.9,33,26.4,0.4
HIU,2000/5/24,11,15,18.3,7.9,33,26.4,0.5
HIU,2000/5/24,13,10,16.7,8.1,33.1,26.4,0.9
HIU,2000/8/22,9,30,28.92,7.2,32.78,21.5,1
HIU,2000/8/22,10,40,29.5,8.1,32.54,21.5,2.2
HIU,2000/8/22,11,55,27.82,8.1,32.63,21.5,1.6
HIU,2000/8/22,13,5,28.03,6.8,32.71,21.5,7.4
HIU,2000/8/23,8,55,27.17,7.1,32.82,22.5,3.8
HIU,2000/8/23,10,10,28.01,7.2,32.79,22.5,1.4
HIU,2000/8/23,10,49,28.26,6.4,32.74,22.5,0.1
HIU,2000/8/23,11,20,27.9,6.8,32.73,22.5,1.5
HIU,2000/8/23,13,15,28.21,7.1,32.91,22.5,0.9
HIU,2000/8/23,13,21,28.95,6.9,32.78,22.5,0.2
HIU,2000/8/23,14,6,29.24,6.9,32.76,22.5,0.3
HIU,2000/8/23,15,10,29.2,7.2,32.64,22.5,0.1
HIU,2000/10/16,10,50,23.77,6.8,31.6,18.1,0.7
HIU,2000/10/16,13,21,24.07,7.2,31.82,18.1,0.5
HIU,2000/10/16,14,2,24.19,7.3,31.72,18.1,1.1
HIU,2000/10/16,15,11,24.13,7.2,31.78,18.1,0.5
HIU,2000/10/24,9,30,22.34,6.4,32.86,14.5,5.4
HIU,2000/10/24,10,45,22.59,7,32.63,14.5,6
HIU,2000/10/24,12,0,22.95,6.7,32.87,14.5,2.7
HIU,2000/10/24,13,10,22.84,6.5,32.87,14.5,1.8
HIU,2000/10/25,8,55,22.75,6.3,33.18,8.6,1.7
HIU,2000/10/25,10,0,22.83,6.9,33,8.6,3.3
HIU,2000/10/25,11,20,22.72,6.7,32.97,8.6,0.8
HIU,2000/10/25,13,0,22.88,6.5,33.11,8.6,2.2
HIU,2001/2/20,9,25,10.51,8.4,33.52,17.4,2.8
HIU,2001/2/20,10,35,10.13,8.8,33.21,17.4,2.1
HIU,2001/2/20,11,45,9.83,8.9,33.15,17.4,0.8
HIU,2001/2/20,12,55,9.81,9.2,33.21,17.4,1
HIU,2001/2/21,8,50,10.77,8.4,33.56,10,1.2
HIU,2001/2/21,10,0,10.1,8.8,33.45,10,3.6
HIU,2001/2/21,11,10,10.21,8.9,33.48,10,2.9
HIU,2001/2/21,13,5,10.62,8.6,33.51,10,1.7
HIU,2001/5/23,10,50,17.63,7.9,32.94,3.7,0.1
HIU,2001/5/23,13,19,18.27,7.7,32.82,3.7,0.1
HIU,2001/5/23,14,4,18.36,7.9,32.3,3.7,0.1
HIU,2001/5/23,15,9,17.14,8.1,32.88,3.7,0.1
HIU,2001/5/29,9,33,18.12,8.1,33.14,25.9,1.3
HIU,2001/5/29,10,43,19.71,8.9,32.93,25.9,1.6
HIU,2001/5/29,11,53,19.42,7.9,33.07,25.9,1
HIU,2001/5/29,13,0,18.89,8.2,33.43,25.9,0.7
HIU,2001/5/30,8,58,16.81,8,33.53,5.6,1.1
HIU,2001/5/30,10,16,17.59,8.2,33.51,5.6,1.1
HIU,2001/5/30,11,25,18.49,8,33.35,5.6,0.9
HIU,2001/5/30,13,10,18.16,8.1,33.42,5.6,0.9
HIU,2001/8/27,11,11,26.74,7.1,32.96,22.7,0.1
HIU,2001/8/27,13,26,26.6,7,32.93,22.7,0.1
HIU,2001/8/27,14,13,27.51,8.2,31.09,22.7,0.1
HIU,2001/8/27,15,30,26.9,9.9,30.11,22.7,0.1
HIU,2001/10/22,10,38,22.45,6.3,30.43,4.2,0.2
HIU,2001/10/22,13,18,22.2,6.6,30.55,4.2,0.2
HIU,2001/10/22,14,7,22.19,6.6,30.35,4.2,0.1
HIU,2001/10/22,15,18,22.4,6.7,30.43,4.2,0.2
HIU,2001/10/23,9,29,21.93,6.3,32.29,17,1.9
HIU,2001/10/23,10,37,22.08,6.4,31.79,17,2
HIU,2001/10/23,11,47,22.09,6.9,32.12,17,1.5
HIU,2001/10/23,13,8,22.05,7.2,32.39,17,1.7
HIU,2001/10/24,8,57,22.42,6.1,32.72,13.7,1.1
HIU,2001/10/24,10,9,22.41,6.3,32.69,13.7,1
HIU,2001/10/24,11,22,21.92,6.7,32.37,13.7,1.1
HIU,2001/10/24,13,10,22.2,6.7,32.5,13.7,1.7
HIU,2002/2/19,9,31,10.55,8.4,33.65,12.1,3.7
HIU,2002/2/19,10,39,9.75,8.9,33.37,12.1,3.8
HIU,2002/2/19,11,50,9.42,9.1,33.4,12.1,3
HIU,2002/2/19,14,34,10.91,8.3,33.64,12.1,3
HIU,2002/2/20,9,51,10.39,8.5,33.64,2.4,0.9
HIU,2002/2/20,10,58,10.24,8.8,33.42,2.4,0.1
HIU,2002/2/20,11,0,9.82,9.4,33.48,2.4,1
HIU,2002/2/20,12,42,10.2,8.8,33.6,2.4,0.8
HIU,2002/2/20,13,21,10.2,8.9,33.41,2.4,0.1
HIU,2002/2/20,14,7,9.63,9.1,33.18,2.4,0.1
HIU,2002/2/20,14,42,10.52,8.7,33.58,2.4,0.9
HIU,2002/2/20,15,12,9.44,9.1,33.13,2.4,0.1
HIU,2002/5/27,13,29,19.84,8.2,31.96,28.2,0.1
HIU,2002/5/27,14,16,21.9,8.3,32.01,28.2,0.1
HIU,2002/5/27,15,29,21.4,8.1,32.05,28.2,0.1
HIU,2002/5/28,9,26,21.25,8.1,32.37,28.7,1.4
HIU,2002/5/28,10,32,21.05,7.8,32.49,28.7,2.9
HIU,2002/5/28,11,40,22.25,8.2,32.24,28.7,2.6
HIU,2002/5/28,12,49,20.63,8,32.4,28.7,1.3
HIU,2002/5/29,8,55,17.64,7.8,33,23.6,2.1
HIU,2002/5/29,10,2,20.31,8,32.51,23.6,1.2
HIU,2002/5/29,11,9,19.57,8.1,32.6,23.6,2.3
HIU,2002/5/29,13,7,18.8,7.7,32.78,23.6,1.4
HIU,2002/8/26,10,25,27.23,6.8,32.4,20.3,0.1
HIU,2002/8/26,11,31,27.5,6.8,32.43,20.3,0.1
HIU,2002/8/26,13,16,28.75,7.6,32.21,20.3,0.1
HIU,2002/8/26,14,23,28.07,7.3,32.37,20.3,0.1
HIU,2002/8/27,9,24,27.68,7.1,32.33,15,4.8
HIU,2002/8/27,11,37,28.41,7.3,32.4,15,1
HIU,2002/8/27,12,44,28.21,7,32.64,15,1.1
HIU,2002/8/28,8,56,26.72,6.2,32.65,12.6,5.2
HIU,2002/8/28,10,5,27.39,6.5,32.63,12.6,1.8
HIU,2002/8/28,11,9,27.82,6.9,32.67,12.6,2
HIU,2002/8/28,13,4,27.33,7.1,32.68,12.6,3.5
HIU,2002/10/22,9,8,22.96,10,32.95,9.6,3.1
HIU,2002/10/22,10,19,23,6.2,32.87,9.6,1.4
HIU,2002/10/22,10,54,22.96,7.2,32.91,9.6,0.1
HIU,2002/10/22,11,33,23.2,5.8,32.89,9.6,1.3
HIU,2002/10/22,12,46,23.24,5.8,32.9,9.6,1.1
HIU,2002/10/22,13,28,23.36,7,32.86,9.6,0.1
HIU,2002/10/22,14,10,23.43,7,32.85,9.6,0.1
HIU,2002/10/22,15,16,23.38,7.1,32.79,9.6,0.1
HIU,2002/10/23,8,54,23.4,6,33.1,10.6,1.2
HIU,2002/10/23,10,0,23.01,6,32.98,10.6,1.7
HIU,2002/10/23,11,15,22.84,6,32.98,10.6,2.3
HIU,2002/10/23,13,11,23.24,5.9,33.07,10.6,1.8
HIU,2003/2/25,9,35,10.19,9.1,33.58,11.9,2.5
HIU,2003/2/25,10,47,10.07,9.1,33.63,11.9,3.8
HIU,2003/2/25,12,0,10.03,9.6,33.53,11.9,2.6
HIU,2003/2/25,13,12,9.95,8.8,33.86,11.9,1.1
HIU,2003/2/26,8,59,10.39,8.6,33.95,7.4,0.8
HIU,2003/2/26,10,13,10.3,8.7,33.93,7.4,1.3
HIU,2003/2/26,11,25,10.1,8.8,33.88,7.4,1.5
HIU,2003/2/26,13,17,10.38,8.6,33.93,7.4,1.2
HIU,2003/5/21,9,25,17.4,9,32.46,25.1,1.4
HIU,2003/5/21,10,28,17.53,8.5,32.81,25.1,1.3
HIU,2003/5/21,11,37,19.12,8.8,32.56,25.1,0.8
HIU,2003/5/21,12,46,17.36,8.9,32.29,25.1,2
HIU,2003/5/22,8,58,15.51,7.8,33.2,15.7,1
HIU,2003/5/22,10,14,17.87,7.7,32.86,15.7,0.2
HIU,2003/5/22,11,20,18.2,8.3,32.52,15.7,0.6
HIU,2003/5/22,13,13,17.03,7.8,32.88,15.7,0.3
HIU,2003/8/26,9,29,28.49,7.9,31.17,7.4,0.6
HIU,2003/8/26,10,38,29.02,7.7,31.05,7.4,0.9
HIU,2003/8/26,11,51,29.21,8.2,31.04,7.4,2
HIU,2003/8/26,12,59,28.33,8.3,31.1,7.4,0.8
HIU,2003/8/27,8,56,24.78,6.2,31.91,15.4,0.8
HIU,2003/8/27,10,2,26.61,7,31.54,15.4,0.6
HIU,2003/8/27,11,12,27.66,7.6,31.32,15.4,0.4
HIU,2003/8/27,13,16,26.53,7.1,31.6,15.4,0.6
HIU,2003/10/21,9,25,21.79,8,31.4,2.3,2.4
HIU,2003/10/21,10,40,22.2,6.8,31.7,2.3,2.5
HIU,2003/10/21,11,58,22.33,6.5,31.79,2.3,1.8
HIU,2003/10/21,13,11,22.28,7.2,31.64,2.3,1.5
HIU,2003/10/22,8,57,22.54,6.4,32.27,15.2,1
HIU,2003/10/22,10,14,22.2,7,31.91,15.2,2
HIU,2003/10/22,11,34,22.2,7,31.89,15.2,3.2
HIU,2003/10/22,13,33,22.48,7.4,31.9,15.2,1.5
HIU,2004/2/24,10,33,10.68,8.9,33.24,15.1,4.7
HIU,2004/2/24,11,39,9.52,8.9,33.08,15.1,0.9
HIU,2004/2/24,12,47,10.91,8.9,33.42,15.1,0.5
HIU,2004/2/25,10,8,11.29,8.6,33.53,14.3,1.2
HIU,2004/2/25,11,13,10.87,9,33.42,14.3,1.2
HIU,2004/2/25,12,18,11.16,9,33.46,14.3,1
HIU,2004/2/25,14,29,11.2,9.2,33.45,14.3,1.7
HIU,2004/5/19,8,38,16.68,7.7,33.35,5,0.9
HIU,2004/5/19,9,48,18.33,7.8,32.94,5,0.3
HIU,2004/5/19,11,0,18.33,7.8,32.91,5,0.2
HIU,2004/5/19,12,57,17.34,7.8,33.17,5,1.1
HIU,2004/5/20,9,7,18.34,8.2,31.96,4.5,1.5
HIU,2004/5/20,10,15,18.26,8,32.45,4.5,2.8
HIU,2004/5/20,11,26,18.83,7.9,32.28,4.5,1.5
HIU,2004/5/20,12,36,17.89,8.3,32.31,4.5,1
HIU,2004/5/24,10,52,18.54,8.7,31.68,28.6,0.1
HIU,2004/5/24,13,25,19.32,8.7,31.71,28.6,0.1
HIU,2004/5/24,14,14,19.74,9,31.32,28.6,0.1
HIU,2004/5/24,15,26,19.99,8.6,31.6,28.6,0.1
HIU,2004/8/23,10,57,27.76,7,30.7,5.2,0.09
HIU,2004/8/23,13,25,28.11,8.4,30.73,5.2,0.03
HIU,2004/8/23,14,14,27.86,8.2,30.08,5.2,0.08
HIU,2004/8/23,15,26,28.08,8.3,30.5,5.2,0.07
HIU,2004/8/25,9,43,27.8,6.7,29.92,14.6,0.8
HIU,2004/8/25,10,54,28.26,6.5,30.3,14.6,1.8
HIU,2004/8/25,12,23,28.74,6.9,30.95,14.6,0.9
HIU,2004/8/26,8,49,28.26,6.1,31.06,21.9,2.3
HIU,2004/8/26,10,6,28.47,6.6,30.85,21.9,0.2
HIU,2004/8/26,11,21,28.01,6.6,30.8,21.9,0.3
HIU,2004/8/26,13,6,28.6,6.4,31.2,21.9,0.6
HIU,2005/2/3,8,8,12.07,8.9,32.62,11.6,0.4
HIU,2005/2/3,9,1,11.27,9,32.33,11.6,0.3
HIU,2005/2/3,9,46,10.99,9.4,32.26,11.6,0.6
HIU,2005/2/3,10,34,10.7,9.8,32.17,11.6,1
HIU,2005/2/3,11,20,11.02,9.6,32.42,11.6,0.7
HIU,2005/2/3,12,7,9.52,10,31.76,11.6,2.1
HIU,2005/2/3,13,23,10.31,10,32.14,11.6,2.6
HIU,2005/2/3,14,30,11.54,9.3,32.57,11.6,0.7
HIU,2005/2/24,10,48,9.33,12.5,32.08,3.5,0.1
HIU,2005/2/24,13,26,9.08,12.4,31.99,3.5,0.13
HIU,2005/2/24,14,15,9.44,12.2,32.11,3.5,0.21
HIU,2005/2/24,15,31,8.95,12.7,31.82,3.5,0.29
HIU,2005/5/16,10,49,17.17,8.1,32.24,28.8,0.1
HIU,2005/5/16,13,25,17.58,8.2,32.31,28.8,0.1
HIU,2005/5/16,14,12,18.43,8.4,32.13,28.8,0.1
HIU,2005/5/16,15,25,18.29,8.4,32.21,28.8,0.1
HIU,2005/5/24,9,28,17.47,8.3,32.46,22.7,1.2
HIU,2005/5/24,10,35,18.93,8.4,32.4,22.7,6.8
HIU,2005/5/24,11,45,18.57,8.2,32.42,22.7,0.5
HIU,2005/5/24,12,54,18.6,7.9,32.29,22.7,0.4
HIU,2005/5/25,8,58,18.53,8.1,32.33,30.5,1.1
HIU,2005/5/25,10,7,17.17,8,32.58,30.5,0.5
HIU,2005/5/25,11,15,18.57,8,32.44,30.5,0.2
HIU,2005/5/25,13,13,16.55,7.9,32.64,30.5,1.2
HIU,2005/8/23,9,27,25.04,6.4,32.7,4,2.2
HIU,2005/8/23,10,34,25.98,6.5,32.56,4,0.8
HIU,2005/8/23,11,43,27.34,6.6,32.29,4,0.4
HIU,2005/8/23,12,50,26.97,6.7,32.45,4,0.4
HIU,2005/8/24,8,59,24.34,6.5,32.83,16.7,2
HIU,2005/8/24,10,10,25.4,6.7,32.69,16.7,0.4
HIU,2005/8/24,11,17,25.29,6.8,32.75,16.7,0.7
HIU,2005/8/24,13,14,25.18,6.8,32.74,16.7,0.8
HIU,2005/10/24,10,43,21.95,8.4,32.36,15.5,0.1
HIU,2005/10/24,13,24,22.04,8.3,32.36,15.5,0.1
HIU,2005/10/24,14,12,22.36,7.5,32.42,15.5,0.1
HIU,2005/10/24,15,31,22.35,7.7,32.43,15.5,0.1
HIU,2005/10/25,9,39,22.06,7.2,32.74,11.5,4.7
HIU,2005/10/25,10,49,22.24,7.3,32.6,11.5,2.8
HIU,2005/10/25,12,4,22.41,7.2,32.51,11.5,2.9
HIU,2005/10/25,13,21,22.16,6.9,32.57,11.5,1.4
HIU,2005/10/26,9,0,22.73,6.6,32.77,10.2,3.1
HIU,2005/10/26,10,13,22.06,7,32.68,10.2,3.5
HIU,2005/10/26,11,22,21.94,7.3,32.55,10.2,6.4
HIU,2005/10/26,13,9,22.48,7.4,32.72,10.2,5.5
HIU,2006/2/21,10,45,9.83,10,33.48,9.1,0.2
HIU,2006/2/21,13,23,9.7,10.4,33.49,9.1,0.2
HIU,2006/2/21,14,30,8.72,10.5,33.19,9.1,0.1
HIU,2006/2/21,15,45,8.63,10.9,32.95,9.1,0.2
HIU,2006/5/15,10,58,15.73,8.8,32.45,13.4,0.1
HIU,2006/5/15,13,26,15.53,8.4,32.7,13.4,0.1
HIU,2006/5/15,14,16,16.7,9,32.56,13.4,0.2
HIU,2006/5/15,15,29,16.66,8.9,32.47,13.4,0.2
HIU,2006/5/18,9,12,15.34,8.7,32.94,8,2.3
HIU,2006/5/18,10,7,15.33,8.7,32.59,8,5.1
HIU,2006/5/18,11,11,16.1,9.1,32.81,8,2.6
HIU,2006/5/18,12,11,15.89,8.6,32.73,8,1.9
HIU,2006/5/18,13,10,15.76,8.6,32.69,8,3.1
HIU,2006/5/18,14,54,15.36,8.5,32.95,8,2.5
HIU,2006/5/18,15,54,15.37,8.8,32.97,8,2.3
HIU,2006/5/18,16,35,15.37,8.8,32.97,8,2.5
HIU,2006/8/23,10,59,28.38,6.9,31.31,23,0.1
HIU,2006/8/23,13,24,28.5,6.8,31.32,23,0.1
HIU,2006/8/23,14,13,28.69,6.8,31.17,23,0.1
HIU,2006/8/23,15,28,27.71,7.1,31.24,23,0.1
HIU,2006/8/28,11,37,25.38,6.1,31.91,21.1,1.8
HIU,2006/8/28,12,19,27.59,6.8,31.47,21.1,1.7
HIU,2006/8/29,9,14,28.43,6.6,31.28,13.8,1.6
HIU,2006/8/29,10,14,29.15,7,31.08,13.8,1.8
HIU,2006/8/29,11,17,29.45,6.9,31.43,13.8,0.6
HIU,2006/8/29,12,19,28.51,7.4,31.39,13.8,1.1
HIU,2006/8/29,13,21,28.47,7.4,31.34,13.8,0.7
HIU,2006/8/29,14,23,28.58,7.1,31.38,13.8,0.6
HIU,2006/10/18,11,36,23.83,6.5,31.59,16,1.3
HIU,2006/10/18,12,25,23.82,6.4,31.42,16,2.1
HIU,2006/10/19,9,7,23.42,7,31.24,14.7,5.1
HIU,2006/10/19,10,13,23.41,6.2,31.25,14.7,4.9
HIU,2006/10/19,11,21,23.7,6.5,31.25,14.7,2.4
HIU,2006/10/19,12,26,23.83,6.7,31.38,14.7,2.3
HIU,2006/10/19,13,30,24.03,7.1,31.41,14.7,3
HIU,2006/10/19,14,30,24.14,6.7,31.41,14.7,2.1
HIU,2006/10/20,11,7,23.57,6.4,30.88,7.6,0.1
HIU,2006/10/20,13,25,23.72,7.6,30.91,7.6,0.1
HIU,2006/10/20,14,14,23.61,7.7,30.8,7.6,0.1
HIU,2006/10/20,15,29,23.65,8,30.87,7.6,0.2
HIU,2007/2/13,11,27,12.22,8.7,33.03,14.9,1.4
HIU,2007/2/13,12,13,11.58,9.6,32.85,14.9,4.6
HIU,2007/2/13,13,54,11.69,9.8,32.86,14.9,4.7
HIU,2007/2/13,14,57,11.53,10.4,32.76,14.9,0.6
HIU,2007/2/14,9,0,12.05,9.5,32.99,3,4.8
HIU,2007/2/14,9,59,11.51,10.2,32.67,3,4.3
HIU,2007/2/14,11,2,10.55,9.8,32.52,3,0.7
HIU,2007/2/14,12,1,11.31,10.2,32.77,3,1.2
HIU,2007/3/9,12,5,11.12,9.5,32.5,17.4,0.1
HIU,2007/3/9,14,1,11.25,9.2,32.61,17.4,0.1
HIU,2007/5/16,11,15,16.6,8.4,32.2,8.9,0.5
HIU,2007/5/16,13,27,17.45,8.5,32.06,8.9,0.5
HIU,2007/5/16,14,15,18.31,8.4,31.84,8.9,1.1
HIU,2007/5/16,15,34,18.4,8.4,31.84,8.9,0.6
HIU,2007/5/23,11,10,16.39,8,33.43,23.6,1.1
HIU,2007/5/23,11,57,17.57,8.1,33.35,23.6,0.4
HIU,2007/5/23,13,32,18.1,8,33.4,23.6,0.1
HIU,2007/5/24,9,8,17.82,8.2,33.31,27.4,0.6
HIU,2007/5/24,10,10,18.25,8.5,33.2,27.4,1.2
HIU,2007/5/24,11,18,18.49,7.9,33.21,27.4,0.6
HIU,2007/5/24,12,19,19.18,9,33.24,27.4,0.6
HIU,2007/5/24,13,18,18.14,7.9,33.32,27.4,0.2
HIU,2007/8/21,11,9,28.25,6.6,32.31,18.4,0.5
HIU,2007/8/21,13,27,29.06,6.6,32.38,18.4,0.9
HIU,2007/8/21,14,14,29.66,6.9,32.27,18.4,2.3
HIU,2007/8/21,15,30,29.8,6.6,32.36,18.4,0.7
HIU,2007/8/22,11,7,28.82,6.9,32.43,24.5,0.3
HIU,2007/8/22,11,55,26.99,6.9,32.61,24.5,0.4
HIU,2007/8/22,13,35,29.09,6.7,32.54,24.5,0.2
HIU,2007/8/23,9,2,28.89,6.7,32.43,11.4,0.8
HIU,2007/8/23,10,7,29.22,6.5,32.5,11.4,0.6
HIU,2007/8/23,11,13,29.84,6.9,32.23,11.4,0.6
HIU,2007/8/23,12,14,28.48,6.4,32.5,11.4,0.5
HIU,2007/8/23,13,14,28.35,6.6,32.55,11.4,0.3
HIU,2007/10/15,11,3,24.67,7.1,32.59,15.3,2.3
HIU,2007/10/15,13,29,24.99,7.2,32.54,15.3,1.3
HIU,2007/10/15,14,21,25.15,7.5,32.42,15.3,2
HIU,2007/10/15,15,35,25.03,7.2,32.43,15.3,2.2
HIU,2007/10/17,11,12,24.29,6.4,33.05,16.3,3.2
HIU,2007/10/17,11,55,24.37,6.8,33,16.3,2.6
HIU,2007/10/17,13,31,24.17,6.9,32.92,16.3,2.7
HIU,2007/10/17,14,15,24.49,6.8,32.9,16.3,3.1
HIU,2007/10/18,9,16,23.51,7.5,32.42,16.8,1.8
HIU,2007/10/18,10,20,24.29,6.9,32.82,16.8,2.7
HIU,2007/10/18,11,28,24.32,7.3,32.71,16.8,1.9
HIU,2007/10/18,12,36,24.38,7.1,32.92,16.8,0.8
HIU,2008/2/27,11,4,10.69,9.3,33.7,12.5,1.3
HIU,2008/2/27,11,47,10.28,9.3,33.7,12.5,1.7
HIU,2008/2/28,8,48,10.26,9.2,33.7,18.5,2.1
HIU,2008/2/28,9,48,9.85,9.4,33.6,18.5,3.8
HIU,2008/2/28,10,48,9.08,9.7,33.5,18.5,1
HIU,2008/2/28,11,45,9.97,9.4,33.7,18.5,2
HIU,2008/2/28,12,44,10.36,9.2,33.6,18.5,1.3
HIU,2008/2/28,13,48,10.19,9.5,33.7,18.5,1.1
HIU,2008/3/11,10,55,10.45,9.9,33.4,20.2,0.4
HIU,2008/3/11,13,28,10.59,10.2,33.5,20.2,0.5
HIU,2008/3/11,14,17,10.31,10.5,33.1,20.2,1.1
HIU,2008/3/11,15,30,10.29,10.6,33.1,20.2,0.9
HIU,2008/5/23,10,46,18.38,8.1,33.1,23.7,0.2
HIU,2008/5/23,13,27,18.05,8.3,33.1,23.7,1.1
HIU,2008/5/23,14,18,18.33,8.3,33.3,23.7,1
HIU,2008/5/23,15,31,18.07,8.7,33,23.7,0.9
HIU,2008/5/28,11,57,18.79,8.9,33,15.3,1.4
HIU,2008/5/28,12,58,19.8,8.5,33,15.3,1.1
HIU,2008/5/28,13,57,17.63,8.3,33.3,15.3,0.5
HIU,2008/5/29,9,35,18.08,7.9,33.3,8.7,0.9
HIU,2008/5/29,11,16,18.61,8,33.1,8.7,1.2
HIU,2008/5/29,11,57,19.48,7.9,33.1,8.7,0.5
HIU,2008/5/29,12,59,19.71,8.3,33,8.7,1
HIU,2008/8/20,10,48,26.06,7,33.1,17.47,1.1
HIU,2008/8/20,10,54,24.42,6.3,33.2,17.47,1.3
HIU,2008/8/20,11,37,25.18,6.9,33.1,17.47,2.4
HIU,2008/8/20,13,19,25.92,7.1,33.1,17.47,1.1
HIU,2008/8/20,13,26,27.41,7,33,17.47,0.9
HIU,2008/8/20,14,15,28.33,7.2,32.9,17.47,2.9
HIU,2008/8/20,15,28,29.21,7.2,32.9,17.47,1.9
HIU,2008/8/21,9,16,25.26,6.5,33.1,17,4.3
HIU,2008/8/21,10,14,27.03,6.7,33.1,17,1.5
HIU,2008/8/21,11,14,28.37,7.3,33,17,3
HIU,2008/8/21,12,17,26.57,6.8,33.1,17,0.6
HIU,2008/8/21,13,20,25.76,6.9,33.1,17,1.4
HIU,2008/10/20,10,46,23.64,7.2,32.5,13.67,2.2
HIU,2008/10/20,13,27,23.95,7.1,32.6,13.67,0.7
HIU,2008/10/20,14,15,23.81,7.4,32.4,13.67,1.2
HIU,2008/10/20,15,29,24.27,7.1,32.5,13.67,0.8
HIU,2008/10/22,11,10,23.6,6.3,33,4.98,0.9
HIU,2008/10/22,11,56,23.47,6.3,33,4.98,0.8
HIU,2008/10/22,13,35,23.45,6.4,33,4.98,0.8
HIU,2008/10/23,9,16,23.23,6.9,32.6,5.9,0.7
HIU,2008/10/23,10,24,23.3,7,32.7,5.9,0.8
HIU,2008/10/23,11,36,23.35,6.7,32.6,5.9,0.7
HIU,2008/10/23,12,44,23.55,6.7,32.9,5.9,0.7
HIU,2008/10/23,13,54,23.28,7.1,32.9,5.9,0.9
HIU,2009/3/4,11,19,11.33,8.7,33.48,7.73,0.9
HIU,2009/3/4,12,1,11.24,8.7,33.47,7.73,0.9
HIU,2009/3/4,13,37,10.87,8.9,33.48,7.73,1.5
HIU,2009/3/4,14,18,11.32,8.8,33.49,7.73,1.1
HIU,2009/3/5,9,5,11.15,9.4,33.24,14.21,1
HIU,2009/3/5,10,5,11.02,9.7,32.86,14.21,1.2
HIU,2009/3/5,11,5,10.88,9.6,33.22,14.21,1.5
HIU,2009/3/5,12,3,11.13,9,33.49,14.21,0.8
HIU,2009/5/25,10,53,18.51,7.7,33.09,27.44,0.2
HIU,2009/5/25,13,26,18.79,7.6,33.15,27.44,0.4
HIU,2009/5/25,14,15,19.71,7.5,33.19,27.44,0.3
HIU,2009/5/25,15,25,19.41,7.5,33.08,27.44,0.9
HIU,2009/5/27,12,16,19.03,7.9,33.48,9.77,0.3
HIU,2009/5/27,13,14,18.63,8.8,33.37,9.77,3.8
HIU,2009/5/27,14,14,20.29,8.5,33.39,9.77,1.3
HIU,2009/5/27,15,10,19.1,7.9,33.42,9.77,0.4
HIU,2009/5/28,9,18,16.88,8,33.58,5.15,0.9
HIU,2009/5/28,10,2,17.52,8,33.52,5.15,1
HIU,2009/5/28,10,42,18.79,7.9,33.54,5.15,0.4
HIU,2009/8/26,10,59,26.38,6.5,32.16,17.89,1.1
HIU,2009/8/26,11,41,26.62,6.7,32.2,17.89,0.7
HIU,2009/8/26,13,22,27.24,6.6,32.08,17.89,0.3
HIU,2009/8/27,9,15,26.46,6.9,32.09,12.17,1
HIU,2009/8/27,10,14,27.07,6.6,32.14,12.17,0.6
HIU,2009/8/27,11,14,27.92,6.9,31.77,12.17,1
HIU,2009/8/27,12,13,27.54,6.8,32.05,12.17,0.2
HIU,2009/8/27,13,13,26.7,6.9,32.22,12.17,0.7
HIU,2009/9/7,10,53,27.09,8.7,32.15,23.36,0.3
HIU,2009/9/7,13,55,27.45,9.3,32.15,23.36,0.3
HIU,2009/9/7,14,44,28.34,6.9,32,23.36,1.2
HIU,2009/9/7,15,58,27.48,6.6,32.04,23.36,0.4
HIU,2009/10/21,10,34,22.58,8.7,32.65,16.81,1.4
HIU,2009/10/21,11,7,22.79,6.4,32.94,16.81,1.1
HIU,2009/10/21,11,48,22.83,6.9,32.76,16.81,1.5
HIU,2009/10/21,13,25,22.7,6.9,32.6,16.81,0.8
HIU,2009/10/21,13,29,22.57,8.6,32.46,16.81,0.3
HIU,2009/10/21,14,19,22.94,8.6,32.4,16.81,0.5
HIU,2009/10/21,15,31,22.89,8.7,32.41,16.81,0.9
HIU,2009/10/22,9,8,21.65,7.3,32.26,12.37,2
HIU,2009/10/22,10,13,22.54,6.7,32.49,12.37,1.1
HIU,2009/10/22,11,18,22.62,6.8,32.46,12.37,1
HIU,2009/10/22,12,25,22.55,6.9,32.64,12.37,0.8
HIU,2009/10/22,13,35,22.65,7.3,32.84,12.37,1.9
HIU,2010/2/15,10,41,10.65,11.2,33.26,2.92,1.4
HIU,2010/2/15,13,8,10.74,11.9,33.32,2.92,2.4
HIU,2010/2/15,13,57,10.33,11.4,33.3,2.92,1.5
HIU,2010/2/15,15,11,10.03,11.5,33.07,2.92,0.3
HIU,2010/3/24,11,8,11.28,8.7,33.62,2.52,0.8
HIU,2010/3/24,11,51,10.99,9.1,33.55,2.52,0.8
HIU,2010/3/24,13,37,10.67,9,33.56,2.52,0.5
HIU,2010/3/25,9,9,11.02,9.6,33.48,2.39,1.3
HIU,2010/3/25,10,5,11.21,9.2,33.35,2.39,1.8
HIU,2010/3/25,11,2,10.95,9.5,33.41,2.39,2.2
HIU,2010/3/25,11,59,11.17,9.2,33.61,2.39,0.7
HIU,2010/3/25,12,54,10.88,9.2,33.54,2.39,1.1
HIU,2010/5/17,10,44,16.37,12.3,32.51,26.34,0.4
HIU,2010/5/17,13,9,16.15,12.2,32.56,26.34,2.1
HIU,2010/5/17,14,0,17.54,12.9,32.18,26.34,2.4
HIU,2010/5/17,15,13,17.91,12.5,32.26,26.34,1.6
HIU,2010/8/25,10,59,24.91,6.8,32.4,19.81,2.1
HIU,2010/8/25,11,41,27.03,7,32.17,19.81,1
HIU,2010/8/25,13,26,28.65,7.1,32.04,19.81,0.5
HIU,2010/8/26,9,14,28.62,6.6,32.02,20.2,0.4
HIU,2010/8/26,10,14,29.14,6.5,32.05,20.2,0.6
HIU,2010/8/26,11,21,30.47,6.8,31.91,20.2,0.7
HIU,2010/8/26,12,23,30.08,6.7,32,20.2,0.5
HIU,2010/8/26,13,23,28.67,7.3,32.01,20.2,0.4
HIU,2010/9/2,10,46,29.14,6.6,31.88,21.93,0.6
HIU,2010/9/2,11,56,28.45,7.7,31.82,21.93,1.5
HIU,2010/9/2,13,43,29.66,7.8,31.72,21.93,1.6
HIU,2010/9/2,14,52,29.6,7.7,31.73,21.93,0.6
HIU,2010/11/10,10,56,20.69,6.9,32.65,7.77,1.1
HIU,2010/11/10,11,38,20.2,7,32.56,7.77,1.4
HIU,2010/11/10,13,19,20.34,7.1,32.62,7.77,1.7
HIU,2010/11/11,9,10,19.55,7,32.61,10.18,1.4
HIU,2010/11/11,10,17,19.06,7.3,32.24,10.18,1.9
HIU,2010/11/11,11,30,19.16,7.3,32.33,10.18,2.1
HIU,2010/11/11,12,40,19.17,7.6,32.31,10.18,2.2
HIU,2010/11/11,13,52,19.97,7.1,32.55,10.18,1.5
HIU,2010/11/12,10,53,19.49,11.8,32.36,11.57,3.4
HIU,2010/11/12,12,11,19.06,12.2,32.23,11.57,2.4
HIU,2010/11/12,13,5,19.41,12.1,32.36,11.57,2
HIU,2010/11/12,14,34,18.61,10.2,32.09,11.57,3.2
HIU,2011/3/21,10,38,9.4,11.5,33.36,4.65,2.3
HIU,2011/3/21,11,52,9.54,11.4,33.4,4.65,1
HIU,2011/3/21,13,48,9.6,12,33.18,4.65,1.8
HIU,2011/3/21,15,1,8.92,11.6,33.16,4.65,2.6
HIU,2011/5/24,10,47,17.29,10.3,33.16,16.98,0.6
HIU,2011/5/24,13,3,16.87,10.5,33.27,16.98,0.5
HIU,2011/5/24,13,54,15.89,10.4,33.23,16.98,0.8
HIU,2011/5/24,15,10,15.86,10.2,33.41,16.98,0.5
HIU,2011/5/25,11,5,16.22,10.7,33.57,25.93,1
HIU,2011/5/25,11,52,16.82,10.9,33.44,25.93,0.8
HIU,2011/5/25,13,36,17.9,11.1,33.25,25.93,0.9
HIU,2011/5/25,14,40,17.7,11.3,33.3,25.93,0.6
HIU,2011/5/26,9,4,17.32,10,33.54,6.74,0.9
HIU,2011/5/26,10,8,17.52,10.1,33.2,6.74,2
HIU,2011/5/26,11,11,17.05,10,33.4,6.74,1.3
HIU,2011/5/26,12,11,17.57,9.9,33.24,6.74,0.8
HIU,2011/8/24,11,36,26.66,7.2,31.91,19.13,2.6
HIU,2011/8/24,12,23,27.22,8,31.89,19.13,1.6
HIU,2011/8/24,14,5,27.8,7.7,31.8,19.13,0.7
HIU,2011/8/25,9,17,27.42,8,31.66,9.23,1.3
HIU,2011/8/25,10,23,27.63,8.1,31.56,9.23,1.3
HIU,2011/8/25,12,8,28.08,8.2,31.39,9.23,1.1
HIU,2011/8/25,12,55,28.03,7.8,31.81,9.23,0.8
HIU,2011/8/25,13,58,27.05,7.8,31.91,9.23,2
HIU,2011/8/29,10,36,27.99,8.4,31.88,21.73,0.6
HIU,2011/8/29,11,50,28.43,8.2,31.75,21.73,0.7
HIU,2011/8/29,13,45,29.58,8.2,31.53,21.73,0.9
HIU,2011/8/29,14,59,29.92,8.3,31.41,21.73,0.5
HIU,2011/10/25,11,28,23.3,6.6,31.57,2.12,0.8
HIU,2011/10/25,12,20,22.94,6.7,30.92,2.12,1
HIU,2011/10/25,14,9,22.96,6.8,30.96,2.12,1.8
HIU,2011/10/26,8,43,22.42,7.2,31.12,15.4,4.5
HIU,2011/10/26,9,54,22.42,7.1,30.61,15.4,5.5
HIU,2011/10/26,11,2,22.62,6.7,30.75,15.4,1.9
HIU,2011/10/26,11,55,22.39,7.2,30.78,15.4,2
HIU,2011/10/26,12,49,22.3,7.1,30.65,15.4,2
HIU,2012/2/22,10,55,10.43,8.4,33.02,4.24,1.1
HIU,2012/2/22,11,40,9.99,8.6,32.89,4.24,1.4
HIU,2012/2/22,13,24,9.77,9.1,32.87,4.24,2.7
HIU,2012/2/23,8,57,10.18,8.8,32.94,8.07,4.4
HIU,2012/2/23,9,55,9.33,9.6,32.53,8.07,4.9
HIU,2012/2/23,11,41,9.04,9.6,32.59,8.07,2
HIU,2012/2/23,12,27,9.3,9.7,32.56,8.07,2.3
HIU,2012/2/23,13,32,9.85,8.8,32.72,8.07,1.5
HIU,2012/2/24,10,5,8.72,9.6,32.51,16.4,0.5
HIU,2012/2/24,11,12,9.59,9,32.85,16.4,1.7
HIU,2012/2/24,11,48,9.65,8.9,32.87,16.4,1
HIU,2012/2/24,14,14,9.04,9.6,32.3,16.4,0.5
HIU,2012/5/23,10,55,17.75,9.1,32.56,18.03,1.2
HIU,2012/5/23,10,56,15.62,8.4,32.93,18.03,0.8
HIU,2012/5/23,11,40,16.99,8.6,32.69,18.03,0.5
HIU,2012/5/23,13,10,17.86,9.1,32.6,18.03,1
HIU,2012/5/23,13,29,17.99,8.4,32.78,18.03,0.1
HIU,2012/5/23,13,55,19.14,9,32.57,18.03,0.5
HIU,2012/5/23,15,0,18.42,9.5,32.5,18.03,0.1
HIU,2012/5/24,8,45,18.08,8.6,32.45,15.35,0.8
HIU,2012/5/24,9,46,17.71,8.4,32.5,15.35,0.5
HIU,2012/5/24,11,32,18.49,8.5,32.1,15.35,1
HIU,2012/5/24,12,16,18.8,8.5,32.57,15.35,0.2
HIU,2012/5/24,13,25,17.36,8.6,32.57,15.35,0.1
HIU,2012/8/20,10,26,28.79,7.7,31.54,24.82,0.5
HIU,2012/8/20,11,38,29.13,7.6,31.59,24.82,0.9
HIU,2012/8/20,13,45,29.06,7.6,31.32,24.82,0.7
HIU,2012/8/20,14,57,29.23,8,31.2,24.82,2.1
HIU,2012/8/22,10,58,26.08,6.7,31.87,17.67,1.8
HIU,2012/8/22,11,51,27.84,6.5,31.65,17.67,2.2
HIU,2012/8/22,13,40,28.41,6.4,31.63,17.67,1.1
HIU,2012/8/23,8,43,28.15,6.5,31.5,20,1.6
HIU,2012/8/23,9,47,28.33,6.4,31.4,20,2.2
HIU,2012/8/23,11,37,28.49,6.4,31.45,20,0.6
HIU,2012/8/23,12,21,28.11,6.5,31.51,20,1.5
HIU,2012/8/23,13,24,27.71,6.5,31.48,20,2.4
HIU,2012/10/19,10,24,23.53,6.1,31.47,14.1,3.4
HIU,2012/10/19,11,28,23.64,6.2,31.44,14.1,2.2
HIU,2012/10/19,13,35,23.83,6.2,31.52,14.1,1.9
HIU,2012/10/19,14,38,23.87,6.2,31.38,14.1,1.7
HIU,2012/10/24,11,33,23.42,6.9,32.11,16.28,0.9
HIU,2012/10/24,12,22,23.3,6.9,31.89,16.28,0.8
HIU,2012/10/24,14,13,23.17,7,31.68,16.28,1.2
HIU,2012/10/25,9,39,22.44,7.1,31.78,12.44,1.7
HIU,2012/10/25,10,49,22.67,7,31.54,12.44,0.8
HIU,2012/10/25,12,38,22.84,7,31.59,12.44,2.4
HIU,2012/10/25,13,28,22.86,7,31.66,12.44,1.4
HIU,2012/10/25,14,36,23.18,7,31.81,12.44,0.2
HIU,2013/2/18,10,26,9.17,10.1,32.8,1.54,1.7
HIU,2013/2/18,11,32,9.75,10,32.92,1.54,3.7
HIU,2013/2/18,13,37,9.3,10.5,32.57,1.54,1.4
HIU,2013/2/18,14,42,8.97,10.3,32.57,1.54,1.2
HIU,2013/2/20,11,41,10.51,8.9,32.97,11.44,0.4
HIU,2013/2/20,12,31,9.99,9,32.89,11.44,0.7
HIU,2013/2/20,14,21,10.05,9,32.87,11.44,1.2
HIU,2013/2/21,8,33,9.85,9,32.79,13.83,5.1
HIU,2013/2/21,9,34,9.27,9.2,32.31,13.83,2
HIU,2013/2/21,11,22,9.4,9.2,32.78,13.83,0.8
HIU,2013/2/21,12,4,9.53,9.1,32.83,13.83,1.5
HIU,2013/2/21,13,18,9.81,9.1,32.89,13.83,1
HIU,2013/5/27,10,21,19.57,8.5,32.75,13.52,0.8
HIU,2013/5/27,11,32,19.49,8.5,32.75,13.52,1
HIU,2013/5/27,13,48,19.1,9.1,32.7,13.52,1.3
HIU,2013/5/27,14,53,20.47,8.7,32.64,13.52,1.3
HIU,2013/5/29,11,2,17.42,8.4,32.99,13.18,0.9
HIU,2013/5/29,11,46,18.3,8.3,32.9,13.18,0.8
HIU,2013/5/29,13,37,18.77,8.4,32.87,13.18,0.7
HIU,2013/5/30,8,31,20.04,8.4,32.78,10.63,0.7
HIU,2013/5/30,9,33,18.26,8.5,32.82,10.63,1.6
HIU,2013/5/30,11,11,18.89,8.7,32.72,10.63,1.7
HIU,2013/5/30,11,52,19.3,8.4,32.8,10.63,1
HIU,2013/5/30,13,4,19.15,8.4,32.77,10.63,1.4
HIU,2013/8/21,11,1,24.96,7,32.66,22.61,1.3
HIU,2013/8/21,11,46,28.21,7.4,32.17,22.61,0.6
HIU,2013/8/21,13,30,29.85,7.1,32.08,22.61,0.2
HIU,2013/8/22,8,26,29.39,7.2,32.1,21.69,0.3
HIU,2013/8/22,9,26,29.73,7.1,32.09,21.69,0.7
HIU,2013/8/22,11,6,30.35,7,32.26,21.69,0.3
HIU,2013/8/22,11,49,29.8,7.4,32.06,21.69,0.4
HIU,2013/8/22,12,54,29.87,7.3,32.11,21.69,3.4
HIU,2013/8/26,10,25,26.47,6.7,32.14,8.74,1
HIU,2013/8/26,11,30,27.35,6.7,32.02,8.74,0.4
HIU,2013/8/26,13,35,28.49,6.4,31.71,8.74,0.2
HIU,2013/8/26,14,40,28.67,6.4,31.78,8.74,0.3
HIU,2013/10/30,11,51,22.24,6.5,31.64,14.06,1
HIU,2013/10/30,12,40,22.26,6.9,31.62,14.06,1.3
HIU,2013/10/30,13,35,21.96,7.4,31.4,14.06,1.8
HIU,2013/10/30,14,20,21.84,7.3,31.36,14.06,1.8
HIU,2013/10/31,8,36,21.84,7.3,31.36,12.3,2.5
HIU,2013/10/31,9,48,22.05,7.3,30.95,12.3,4.1
HIU,2013/10/31,10,10,21.38,7.4,31.17,12.3,2.6
HIU,2013/10/31,10,39,20.97,8.2,30.05,12.3,2.1
HIU,2013/10/31,11,15,21.41,7.5,30.8,12.3,1.6
HIU,2013/10/31,11,27,21.56,8,30.48,12.3,4.6
HIU,2013/10/31,13,35,20.48,9.3,28.94,12.3,8.5
HIU,2013/10/31,14,40,20.05,9.2,28.81,12.3,8.3
HIU,2014/2/19,11,44,9.747,9.766,33.054,11.57,1.7
HIU,2014/2/19,12,41,8.821,9.985,32.906,11.57,1.1
HIU,2014/2/19,13,32,9.341,9.992,33.022,11.57,1.1
HIU,2014/2/19,14,12,8.823,10.177,32.833,11.57,1.1
HIU,2014/2/19,14,54,9.934,9.506,33.086,11.57,1.6
HIU,2014/2/20,9,41,8.853,10.1,32.92,16.03,1.2
HIU,2014/2/20,11,21,8.869,9.866,32.908,16.03,0.9
HIU,2014/2/20,12,2,8.706,9.757,32.848,16.03,1
HIU,2014/2/28,10,15,8.86,9.006,32.799,11.96,0.4
HIU,2014/2/28,11,15,8.886,9.244,32.767,11.96,0.4
HIU,2014/2/28,13,35,9.758,9.768,32.881,11.96,0.2
HIU,2014/2/28,14,35,9.382,9.362,32.736,11.96,0.1
HIU,2014/5/23,10,30,17.087,8.733,32.794,28.48,0.6
HIU,2014/5/23,11,34,17.746,8.628,32.938,28.48,0.8
HIU,2014/5/23,13,40,19.668,9.043,32.57,28.48,1.2
HIU,2014/5/23,14,41,18.296,9.217,32.735,28.48,1
HIU,2014/5/28,11,24,16.333,8.54,33.082,26.73,1
HIU,2014/5/28,12,12,17.338,8.697,32.942,26.73,1.2
HIU,2014/5/28,13,57,18.291,8.849,32.916,26.73,1
HIU,2014/5/29,8,27,20.162,10.03,32.599,25.65,4.3
HIU,2014/5/29,9,31,19.473,9.075,32.767,25.65,2
HIU,2014/5/29,11,15,19.938,9.461,32.736,25.65,2.2
HIU,2014/5/29,11,55,19.707,9.019,32.727,25.65,1.5
HIU,2014/5/29,12,59,19.51,8.994,32.813,25.65,1.3
HIU,2014/8/22,10,16,27.994,10.751,31.132,8.5,2.9
HIU,2014/8/22,11,22,27.481,10.85,30.967,8.5,2.3
HIU,2014/8/22,13,38,27.283,9.629,30.997,8.5,2
HIU,2014/8/22,14,38,27.427,10.165,30.603,8.5,0.7
HIU,2014/8/27,11,5,25.285,6.45,31.782,17.87,1.4
HIU,2014/8/27,11,52,26.656,6.984,31.328,17.87,2.8
HIU,2014/8/27,14,14,27.717,8.904,31.037,17.87,3.8
HIU,2014/8/28,8,36,27.592,8.145,30.388,9.3,2.2
HIU,2014/8/28,9,35,27.327,7.986,30.643,9.3,3.3
HIU,2014/8/28,14,4,27.985,9.872,30.409,9.3,1.6
HIU,2014/8/28,14,45,27.174,8.112,31.05,9.3,1.5
HIU,2014/8/28,15,25,27.041,8.07,30.998,9.3,1.6
HIU,2014/10/24,10,6,22.029,6.873,30.709,16.31,1.2
HIU,2014/10/24,11,14,21.912,7.331,30.551,16.31,0.9
HIU,2014/10/24,13,35,22.533,7.753,30.606,16.31,2
HIU,2014/10/24,14,35,22.493,6.557,30.753,16.31,1
HIU,2014/10/29,10,57,21.874,6.56,31.421,13.75,1.2
HIU,2014/10/29,11,45,21.806,6.705,31.274,13.75,1.6
HIU,2014/10/29,13,33,21.937,6.834,31.156,13.75,2
HIU,2014/10/30,8,40,21.138,7.343,30.672,15.35,2.6
HIU,2014/10/30,9,49,21.568,6.665,30.906,15.35,2.2
HIU,2014/10/30,11,43,21.678,7.06,30.875,15.35,2.6
HIU,2014/10/30,12,50,21.693,7.082,30.742,15.35,2
HIU,2014/10/30,14,5,21.534,7.415,30.851,15.35,3.3
HIU,2015/2/23,10,18,9.515,9.581,32.599,9.38,2
HIU,2015/2/23,11,22,9.772,9.711,32.676,9.38,2.7
HIU,2015/2/23,13,41,8.853,9.634,32.161,9.38,1.7
HIU,2015/2/23,14,45,9.003,9.808,32.097,9.38,1.5
HIU,2015/3/4,10,58,10.468,9.249,32.991,12.77,1.8
HIU,2015/3/4,11,38,10.226,9.504,32.811,12.77,2.8
HIU,2015/3/4,13,22,10.109,9.724,32.777,12.77,3.4
HIU,2015/3/4,14,5,10.388,10.175,32.832,12.77,3.1
HIU,2015/3/5,9,28,9.806,9.611,32.427,13.24,4.6
HIU,2015/3/5,11,0,9.815,9.665,32.565,13.24,1.9
HIU,2015/3/5,11,38,9.685,9.638,32.613,13.24,1.3
HIU,2015/3/5,12,39,10.246,9.933,32.77,13.24,1.6
HIU,2015/5/28,10,26,21.043,9.497,32.061,18.98,0.4
HIU,2015/5/28,11,34,20.443,9.609,32.338,18.98,0.4
HIU,2015/5/28,13,39,21.603,9.898,32.157,18.98,0.8
HIU,2015/5/28,14,39,22.086,10.327,31.949,18.98,0.9
HIU,2015/6/2,10,40,17.28,8.414,32.814,19.6,1
HIU,2015/6/2,11,25,19.511,8.475,32.471,19.6,1
HIU,2015/8/26,10,42,26.106,6.652,32.013,22.15,0.7
HIU,2015/8/26,11,47,26.49,5.974,31.806,22.15,0.8
HIU,2015/8/26,13,36,25.93,5.825,31.785,22.15,1.1
HIU,2015/8/26,14,37,26.458,6.415,31.899,22.15,0.5
HIU,2015/9/2,11,0,25.341,7.208,32.022,12.03,2.6
HIU,2015/9/2,12,50,25.523,7.265,31.94,12.03,2
HIU,2015/9/2,14,0,24.395,6.544,32.313,12.03,1.4
HIU,2015/9/3,8,33,25.629,7.368,30.993,5.83,5
HIU,2015/9/3,9,32,25.814,7.261,31.541,5.83,3.3
HIU,2015/9/3,11,0,26.019,8.328,30.994,5.83,3
HIU,2015/9/3,11,45,26.175,7.378,31.798,5.83,1.3
HIU,2015/9/3,12,32,26.125,7.78,31.768,5.83,1.9
HIU,2015/10/28,10,20,21.96,6.677,32.386,13.45,0.8
HIU,2015/10/28,11,7,21.922,6.858,32.124,13.45,1.4
HIU,2015/10/28,12,50,21.951,6.919,32.056,13.45,1.5
HIU,2015/10/29,8,20,21.291,7.297,31.948,13.36,3
HIU,2015/10/29,9,30,21.608,7.017,31.935,13.36,1.9
HIU,2015/10/29,11,18,21.661,7.551,31.861,13.36,2.9
HIU,2015/10/29,12,10,21.386,7.379,31.824,13.36,4.3
HIU,2015/10/29,13,30,21.728,7.1,32.107,13.36,1.9
HIU,2016/2/22,10,13,9.9,8.77,32.51,11.81,1.8
HIU,2016/2/22,11,20,10.37,8.93,32.67,11.81,3.4
HIU,2016/2/22,13,39,9.82,8.88,32.33,11.81,2.7
HIU,2016/2/22,14,40,9.72,9.06,32.19,11.81,2.2
HIU,2016/2/24,11,10,10.62,9.26,32.79,8.19,2.2
HIU,2016/2/24,11,53,10.58,9.64,32.78,8.19,1.9
HIU,2016/2/24,13,40,10.87,9.1,32.84,8.19,1.7
HIU,2016/2/24,14,23,11.32,8.78,32.99,8.19,1.1
HIU,2016/2/25,8,37,10.18,9.57,32.36,17.19,4.4
HIU,2016/2/25,9,35,10.17,9.43,32.56,17.19,1.7
HIU,2016/2/25,11,13,9.84,9.45,32.32,17.19,1.1
HIU,2016/2/25,11,55,10.44,9.66,32.73,17.19,1.6
HIU,2016/5/24,10,8,20.16,8.33,32.25,20.06,0.1
HIU,2016/5/24,11,14,20.6,8.23,32.41,20.06,0.1
HIU,2016/5/24,13,38,20.81,8.37,32.27,20.06,0.2
HIU,2016/5/25,10,30,16.89,8.5,32.9,8.66,0.8
HIU,2016/5/25,11,17,18.01,8.59,32.72,8.66,0.6
HIU,2016/5/25,13,0,19.6,8.43,32.55,8.66,0.5
HIU,2016/5/26,8,33,20.49,8.28,32.43,14.84,0.4
HIU,2016/5/26,9,35,20.06,8.36,32.46,14.84,1.2
HIU,2016/5/26,11,12,20.31,8.52,32.41,14.84,0.6
HIU,2016/5/26,11,58,20.81,8.61,32.36,14.84,0.4
HIU,2016/5/26,13,0,18.82,8.64,32.55,14.84,1
HIU,2016/8/24,10,15,28.3,6.83,31.69,22.96,0.2
HIU,2016/8/24,10,45,27.77,6.84,31.84,22.96,0.9
HIU,2016/8/24,11,19,28.92,6.75,31.69,22.96,0.1
HIU,2016/8/24,11,35,27.84,6.96,31.86,22.96,0.7
HIU,2016/8/24,13,20,28.8,6.88,31.73,22.96,0.7
HIU,2016/8/24,13,37,28.19,7.43,31.63,22.96,0.3
HIU,2016/8/24,14,39,27.95,7.32,31.67,22.96,0.2
HIU,2016/8/25,8,30,28.38,6.87,31.76,15.41,0.4
HIU,2016/8/25,9,38,27.53,6.52,31.83,15.41,1.6
HIU,2016/8/25,11,23,28.92,7.03,31.59,15.41,1.2
HIU,2016/8/25,12,5,28.95,6.99,31.79,15.41,1
HIU,2016/8/25,13,12,28.61,7.32,31.82,15.41,0.8
HIU,2016/10/26,10,20,23.01,6.47,30.96,8.13,0.4
HIU,2016/10/26,10,57,23.16,6.95,31.21,8.13,0.6
HIU,2016/10/26,11,24,23,6.62,30.91,8.13,0.6
HIU,2016/10/26,11,50,22.75,6.9,30.7,8.13,0.5
HIU,2016/10/26,13,39,23.29,6.84,30.68,8.13,2.2
HIU,2016/10/26,13,40,22.73,6.92,30.62,8.13,0.5
HIU,2016/10/26,14,25,23.15,6.89,30.82,8.13,0.6
HIU,2016/10/26,14,38,23.17,6.65,30.83,8.13,0.8
HIU,2016/10/26,15,42,23.13,6.85,30.81,8.13,1.2
HIU,2016/10/27,9,45,22.9,6.72,30.79,15.11,1.2
HIU,2016/10/27,11,40,22.96,6.59,30.82,15.11,0.5
HIU,2016/10/27,12,28,22.84,6.71,30.95,15.11,1.3
HIU,2017/2/21,10,26,11.06,8.8,32.83,16.62,2.1
HIU,2017/2/21,11,35,10.88,9.4,32.77,16.62,2.3
HIU,2017/2/21,13,42,9.88,9.2,32.28,16.62,2
HIU,2017/2/21,14,42,10.25,9,32.53,16.62,0.8
HIU,2017/2/27,10,50,11.17,9.3,32.92,15.13,1.1
HIU,2017/2/27,12,35,10.77,9.7,32.81,15.13,1
HIU,2017/2/27,13,42,11.59,9,33.04,15.13,2.3
HIU,2017/2/28,8,50,10.4,10,32.42,19.07,3.9
HIU,2017/2/28,9,47,10.76,10.1,32.72,19.07,4.3
HIU,2017/2/28,11,24,10.58,9.4,32.63,19.07,0.5
HIU,2017/2/28,12,5,10.58,9.9,32.79,19.07,1.2
HIU,2017/2/28,13,10,11.2,10,32.91,19.07,2.3
HIU,2017/5/22,10,23,19.36,8.6,32.79,28.12,1.3
HIU,2017/5/22,11,28,19.91,8.5,32.84,28.12,1.2
HIU,2017/5/22,13,36,20.84,9.6,32.45,28.12,2.7
HIU,2017/5/22,14,36,21.87,9.3,32.65,28.12,2.3
HIU,2017/5/29,10,32,17.34,8.2,33.01,27.45,1.4
HIU,2017/5/29,11,13,18.19,8.2,32.92,27.45,0.9
HIU,2017/5/29,12,55,20.15,8.6,32.6,27.45,1.3
HIU,2017/5/30,8,48,20.79,8.7,32.48,24.43,2.1
HIU,2017/5/30,9,53,21.4,8.6,32.62,24.43,1.4
HIU,2017/5/30,11,35,22.09,8.6,32.76,24.43,1.3
HIU,2017/5/30,12,16,20.27,8.8,32.71,24.43,1.3
HIU,2017/5/30,13,19,21.03,8.8,32.71,24.43,0.9
HIU,2017/8/23,10,33,26.3,6.3,32.71,21.12,1.7
HIU,2017/8/23,11,17,27.92,6.9,32.53,21.12,2.4
HIU,2017/8/23,13,4,29.03,7.3,32.41,21.12,0.9
HIU,2017/8/24,8,45,29.28,6.9,32.43,24.87,0.8
HIU,2017/8/24,9,49,29.32,6.9,32.44,24.87,0.5
HIU,2017/8/24,11,29,29.73,7.4,32.36,24.87,1.4
HIU,2017/8/24,12,14,29.05,7.7,32.26,24.87,1.2
HIU,2017/8/24,13,24,28.65,7.3,32.44,24.87,1.2
HIU,2017/8/25,10,4,28.97,7.5,32.09,18.19,1.7
HIU,2017/8/25,11,9,28.89,7.3,32.27,18.19,1.3
HIU,2017/8/25,13,33,30.57,7.6,32.35,18.19,2
HIU,2017/8/25,14,32,30.44,7.5,32.19,18.19,1
HIU,2017/10/24,9,57,21.57,6.7,31.87,8.45,1.2
HIU,2017/10/24,10,57,20.44,7.1,29.9,8.45,1.3
HIU,2017/10/24,13,21,21.53,7,30.49,8.45,1.4
HIU,2017/10/24,14,21,22.03,6.3,31.97,8.45,1.2
HIU,2017/10/25,11,0,21.84,6.7,32.01,16.1,0.5
HIU,2017/10/25,11,43,21.58,6.7,31.79,16.1,1.2
HIU,2017/10/25,12,43,21.44,6.8,31.79,16.1,0.8
HIU,2017/10/25,13,27,20.21,8,29.17,16.1,3.4
HIU,2017/10/25,14,23,21.39,7.2,30.65,16.1,1.5
HIU,2017/10/26,9,39,21.19,6.6,30.73,16.01,2.1
HIU,2017/10/26,10,31,20.66,7.7,30.97,16.01,3.6
HIU,2017/10/26,11,20,20.46,7.7,30.37,16.01,2.3
HIU,2018/2/14,10,8,8.64,9.46,33.08,16.46,2
HIU,2018/2/14,11,8,8.96,9.34,33.14,16.46,1.9
HIU,2018/2/14,13,29,9.11,9.23,33.16,16.46,1
HIU,2018/2/14,14,30,8.16,9.05,32.99,16.46,0.6
HIU,2018/2/19,10,28,9.93,9.53,33.25,8.38,2.3
HIU,2018/2/19,11,12,9.66,9.99,33.19,8.38,2.9
HIU,2018/2/19,12,54,9.56,10.21,33.19,8.38,2
HIU,2018/2/19,13,40,9.25,9.95,33.18,8.38,1.2
HIU,2018/2/20,8,42,9.74,9.89,33.27,16.72,2.6
HIU,2018/2/20,9,44,8.64,10.3,33.04,16.72,4.1
HIU,2018/2/20,11,25,7.86,9.71,32.9,16.72,0.5
HIU,2018/2/20,12,5,9.18,9.92,33.18,16.72,0.2
HIU,2018/5/16,10,26,15.23,8.5,33.03,15.33,0.6
HIU,2018/5/16,11,10,16.47,8.6,32.77,15.33,0.5
HIU,2018/5/16,12,56,17.31,8.45,32.55,15.33,0.2
HIU,2018/5/16,13,39,17.55,8.6,32.35,15.33,0.4
HIU,2018/5/17,8,46,18.87,9.76,31.38,24.83,2.4
HIU,2018/5/17,9,50,19.39,8.72,32.2,24.83,0.5
HIU,2018/5/17,11,30,19.48,8.9,32.14,24.83,0.5
HIU,2018/5/17,12,11,18.2,8.37,32.49,24.83,0.5
HIU,2018/5/24,10,4,16.98,8.62,32.65,29.67,0.8
HIU,2018/5/24,11,4,18.46,8.04,32.4,29.67,0.4
HIU,2018/5/24,13,28,19.56,8.32,32.18,29.67,0.6
HIU,2018/5/24,14,30,18.1,9.22,32.22,29.67,1.7
HIU,2018/8/27,10,6,28.36,6.88,30.93,21.13,0.4
HIU,2018/8/27,11,7,28.78,6.66,31.03,21.13,0.2
HIU,2018/8/27,13,28,28.65,7.56,30.94,21.13,0.2
HIU,2018/8/27,14,28,29.24,7.33,30.77,21.13,0.1
HIU,2019/2/20,10,20,11.53,8.96,32.87,4.12,0.5
HIU,2019/2/20,11,1,11.32,9.07,32.78,4.12,0.6
HIU,2019/2/20,12,48,11.05,9.43,32.69,4.12,1
HIU,2019/2/21,8,50,10.79,9.66,32.54,10.2,1.5
HIU,2019/2/21,9,52,10.64,9.82,32.33,10.2,1.2
HIU,2019/2/21,10,4,10.23,8.82,32.47,10.2,2
HIU,2019/2/21,10,56,10.7,9.72,32.48,10.2,0.4
HIU,2019/2/21,11,8,10.31,8.9,32.51,10.2,0.4
HIU,2019/2/21,11,56,10.33,9.52,32.51,10.2,0.3
HIU,2019/2/21,13,0,10.92,9.59,32.65,10.2,0.4
HIU,2019/2/21,13,28,10.7,9.09,32.43,10.2,0.3
HIU,2019/2/21,14,33,10.5,9.26,32.33,10.2,2.9
HIU,2019/5/22,9,54,18.6,8.21,32.4,29.93,1.4
HIU,2019/5/29,11,2,18.03,8.16,32.76,22.82,1
HIU,2019/5/29,11,49,18.92,8.24,32.63,22.82,0.6
HIU,2019/5/29,13,41,19.99,8.54,32.37,22.82,0.8
HIU,2019/5/30,8,45,20.09,8.57,32.45,26.14,0.7
HIU,2019/5/30,9,52,20.63,8.19,32.24,26.14,0.6
HIU,2019/5/30,11,0,20.91,8.69,32.35,26.14,0.8
HIU,2019/5/30,12,0,20.32,8.78,32.3,26.14,0.7
HIU,2019/5/30,13,4,19.92,8.31,32.45,26.14,0.7
HIU,2019/10/30,10,7,22.52,6.52,31.88,10.97,0.8
HIU,2019/10/30,11,14,22.72,6.74,31.88,10.97,2.6
HIU,2019/10/30,13,24,22.78,6.72,31.85,10.97,1.2
HIU,2019/10/30,14,26,22.84,6.59,31.86,10.97,1.8
HIU,2020/2/19,11,1,12.15,8.54,33.01,17.56,0.7
HIU,2020/2/19,11,47,11.73,8.72,32.92,17.56,1.2
HIU,2020/2/19,13,30,11.83,8.86,32.95,17.56,1.6
HIU,2020/2/20,8,46,11.78,8.77,32.97,13.52,1.9
HIU,2020/2/20,9,47,10.87,9.25,32.4,13.52,2.5
HIU,2020/2/20,10,50,10.54,9.24,32.59,13.52,2.6
HIU,2020/2/20,11,47,10.77,9.16,32.67,13.52,1.5
HIU,2020/2/20,12,48,11.76,8.88,32.91,13.52,1.1
HIU,2020/2/21,10,8,10.37,8.44,32.68,17.55,1
HIU,2020/2/21,11,10,11.3,8.38,32.89,17.55,1.1
HIU,2020/2/21,13,20,10.82,8.56,32.81,17.55,1.3
HIU,2020/2/21,14,23,10.35,8.67,32.59,17.55,2.3
HIU,2020/6/3,10,56,18.02,8.01,32.69,16.35,1.3
HIU,2020/6/3,11,45,19.27,8.19,32.3,16.35,1.6
HIU,2020/6/3,13,30,20.71,8.46,32.3,16.35,1.1
HIU,2020/6/4,8,54,20.77,8.3,32.35,25.96,1.7
HIU,2020/6/4,9,54,21.84,9.35,32.22,25.96,3.2
HIU,2020/6/4,11,31,21.89,8.7,32.18,25.96,1.5
HIU,2020/6/4,12,10,21.28,8.39,32.05,25.96,1
HIU,2020/6/4,13,11,20.33,8.43,32.15,25.96,2
HIU,2020/6/8,9,55,21.54,7.95,32.2,29.77,0.5
HIU,2020/6/8,10,57,22.08,8.21,32.2,29.77,0.4
HIU,2020/6/8,11,36,23.78,8.19,32.29,29.77,0.8
HIU,2020/6/8,14,3,22.58,8.35,32.18,29.77,0.6
HIU,2020/8/19,11,8,25.32,6.26,31.36,24.69,1.1
HIU,2020/8/19,11,54,27.53,7.47,30.91,24.69,1.6
HIU,2020/8/19,13,53,31.08,7.97,30.48,24.69,0.4
HIU,2020/8/20,8,56,30.68,7.93,30.43,23.4,0.5
HIU,2020/8/20,9,55,29.94,8.28,30.51,23.4,1.2
HIU,2020/8/20,11,49,31.53,8.06,30.41,23.4,0.3
HIU,2020/8/20,12,29,29.49,8.49,30.52,23.4,0.8
HIU,2020/8/20,13,30,29.09,7.93,30.75,23.4,0.6
HIU,2020/8/26,9,58,28.62,5.75,30.66,21.11,1.7
HIU,2020/8/26,10,59,29.08,6.91,30.65,21.11,1.3
HIU,2020/8/26,11,38,29.72,7.54,30.45,21.11,0.7
HIU,2020/8/26,14,4,30.33,7.47,30.6,21.11,1
HIU,2020/10/19,9,55,22.93,7.72,30.95,5.7,3.3
HIU,2020/10/19,11,0,23.26,6.93,30.83,5.7,2.9
HIU,2020/10/19,11,42,23.4,6.3,30.9,5.7,3.3
HIU,2020/10/19,14,3,23.27,7.28,30.82,5.7,2
HIU,2020/11/9,11,7,21.02,6.8,31.72,14.24,0.8
HIU,2020/11/9,11,53,20.92,7.05,31.47,14.24,1
HIU,2020/11/9,13,36,21.17,7.15,31.37,14.24,0.9
HIU,2020/11/10,9,9,19.81,7.05,30.99,13.18,2.8
HIU,2020/11/10,10,20,20.12,7.01,31.03,13.18,1.1
HIU,2020/11/10,12,6,20.02,7.36,30.95,13.18,1.8
HIU,2020/11/10,12,54,19.96,7.14,31.03,13.18,1.7
HIU,2020/11/10,14,9,20.07,7.24,31.23,13.18,1.6
HIU,2021/2/24,11,0,11.346,9.405,32.969,16.44,2
HIU,2021/2/24,11,49,10.649,9.693,32.695,16.44,3
HIU,2021/2/24,13,36,10.849,9.982,32.728,16.44,1.4
HIU,2021/2/25,8,56,11.126,9.919,32.857,16.35,3
HIU,2021/2/25,9,58,10.748,9.792,32.749,16.35,2.7
HIU,2021/2/25,10,9,10.871,8.846,32.799,16.35,1.8
HIU,2021/2/25,11,3,10.354,10.091,32.543,16.35,2.8
HIU,2021/2/25,11,13,10.563,8.893,32.691,16.35,1.2
HIU,2021/2/25,12,2,10.437,9.821,32.584,16.35,2.5
HIU,2021/2/25,13,5,10.712,9.851,32.705,16.35,1.5
HIU,2021/2/25,13,31,10.479,9.397,32.491,16.35,1.4
HIU,2021/2/25,14,33,10.231,9.116,32.536,16.35,0.9
HIU,2021/5/20,10,11,18.569,8.457,31.992,6.04,3.3
HIU,2021/5/20,11,16,19.057,8.519,32.171,6.04,4.1
HIU,2021/5/20,13,31,18.935,8.552,32.212,6.04,9.2
HIU,2021/5/20,14,35,18.791,8.844,32.258,6.04,4.2
HIU,2021/6/2,11,25,18.624,8.59,32.409,19.7,1.6
HIU,2021/6/2,12,13,18.375,8.451,32.42,19.7,1.1
HIU,2021/6/2,13,57,19.78,9.187,32.332,19.7,1
HIU,2021/6/3,9,3,20.589,9.019,31.946,12.32,1.6
HIU,2021/6/3,10,10,21.326,9.467,31.936,12.32,2.4
HIU,2021/6/3,11,19,19.809,9.088,32.055,12.32,2
HIU,2021/6/3,12,17,20.785,9.589,31.92,12.32,2.2
HIU,2021/6/3,13,19,19.928,8.563,32.222,12.32,1.5
HIU,2021/9/7,10,0,27.484,7.315,30.145,14.06,1.2
HIU,2021/9/7,11,3,27.473,7.296,30.199,14.06,1.5
HIU,2021/9/7,11,45,27.7,7.471,30.267,14.06,1.8
HIU,2021/9/7,14,6,28.117,8.498,29.738,14.06,2.1
HIU,2021/10/20,10,42,24.356,6.305,31.426,14.07,1.8
HIU,2021/10/20,11,30,24.447,6.618,30.846,14.07,2.2
HIU,2021/10/20,13,16,24.684,6.602,30.722,14.07,2.5
HIU,2021/10/21,8,56,23.671,6.916,30.586,8.86,4.2
HIU,2021/10/21,10,11,23.96,6.641,30.57,8.86,4.1
HIU,2021/10/21,12,4,24.151,6.565,30.467,8.86,3.5
HIU,2021/10/21,12,53,23.94,7.086,30.537,8.86,3.7
HIU,2021/10/21,14,9,23.916,7.249,30.585,8.86,3.3
HIU,2022/2/18,10,5,8.87,8.73,32.31,15.47,1.2
HIU,2022/2/18,11,4,8.96,8.76,32.33,15.47,1.4
HIU,2022/2/18,11,42,9.35,8.75,32.41,15.47,1.5
HIU,2022/2/18,14,0,9.03,8.88,32.28,15.47,1.7
HIU,2022/5/18,10,4,17.76,8.6,32.05,28.95,0.8
HIU,2022/5/18,11,7,17.8,8.64,32.04,28.95,1
HIU,2022/5/18,11,45,18.9,9.11,31.71,28.95,0.4
HIU,2022/5/18,13,59,18.59,9.07,31.76,28.95,0.2
HIU,2022/8/24,11,42,29.52,6.59,31.81,10.67,0.9
HIU,2022/8/24,12,33,29.26,6.5,31.84,10.67,1.8
HIU,2022/8/24,14,20,29.63,6.74,31.88,10.67,0.6
HIU,2022/8/25,8,53,29.69,6.86,31.74,20.16,0.6
HIU,2022/8/25,9,57,29.75,6.38,31.72,20.16,0.8
HIU,2022/8/25,11,10,29.75,6.74,31.78,20.16,0.8
HIU,2022/8/25,12,15,29.27,6.83,31.9,20.16,4
HIU,2022/8/25,13,22,28.88,6.78,31.9,20.16,1.7
HIU,2022/10/13,10,40,24.16,6.59,32.32,17.43,1.8
HIU,2022/10/13,11,25,24.25,7.41,32.06,17.43,5.5
HIU,2022/10/13,13,8,24.45,7.63,31.98,17.43,5.4
HIU,2022/10/14,8,55,23.17,8.41,31.36,14.28,11
HIU,2022/10/14,10,0,23.95,7.35,31.63,14.28,6.1
HIU,2022/10/14,11,22,24.01,7.48,31.61,14.28,5.3
HIU,2022/10/14,12,45,24.22,7.81,31.95,14.28,2.1
HIU,2022/10/14,13,58,23.98,8.28,31.96,14.28,4.6
